business_name,website,vertical,city_state,shopify_evidence,texting_or_helpdesk_signal,why_fit,first_line_hook,source_checked
Breakaway Matcha,https://breakawaymatcha.com,Tea (Japanese matcha),"San Anselmo, CA",breakaway-matcha.myshopify.com in page source; cdn.shopify.com assets; /products.json returns 77 products,Gorgias chat widget script (config.gorgias.chat) + Klaviyo onsite script,"14 matcha grades plus gyokuro, houjicha and ceramics mean shoppers ask which matcha suits usucha, koicha or lattes.",Saw the Deep Umami Trio and Gyokuro Reserve alongside the Kohiki ceramics.,https://breakawaymatcha.com/; https://breakawaymatcha.com/products.json; https://breakawaymatcha.com/pages/faq (2026-10-10)
Onyx Coffee Lab,https://onyxcoffeelab.com,Specialty coffee,"Rogers, AR",onyx-coffee.myshopify.com in page source; cdn.shopify.com assets; /products.json returns 248 products,Gorgias chat widget script (config.gorgias.chat) + Klaviyo onsite script,"127 rotating coffees (Gesha, honey, anaerobic lots) plus brew equipment drive roast-level, grind and gear-compatibility questions.",Noticed the Kenya Kamavindi Gesha and Colombia Wush Wush sitting next to your 2026 Advent Calendar.,https://onyxcoffeelab.com/; https://onyxcoffeelab.com/products.json; https://onyxcoffeelab.com/policies/contact-information (2026-10-10)
Steeped Coffee,https://steepedcoffee.com,Coffee (single-serve steeped bags),"Scotts Valley, CA",steeped-coffee.myshopify.com in page source; cdn.shopify.com assets; /products.json returns 24 products,Gorgias chat widget script (config.gorgias.chat) + Klaviyo onsite script,"Novel steep-bag format means lots of how-to questions (steep time, strength, compostability) before a first purchase.",Saw the Beginner Bundle and Starter Set alongside the Fellow Stagg EKG kettle on your shop.,https://steepedcoffee.com/; https://steepedcoffee.com/products.json; web search: Steeped Coffee Scotts Valley (2026-10-10)
Art of Tea,https://artoftea.com,Tea,"Los Angeles, CA",aoteas.myshopify.com in page source; cdn.shopify.com assets; /products.json returns 193 products,Gorgias chat widget script (config.gorgias.chat) + Klaviyo onsite script,"65 loose-leaf teas plus teaware and seasonal chais create caffeine, brewing and gifting questions.","Saw the White Winter Chai and Pumpkin Lovers Bundle in your fall lineup, hand blended in LA.",https://artoftea.com/; https://artoftea.com/products.json; https://artoftea.com/pages/about (2026-10-10)
Sightglass Coffee,https://sightglasscoffee.com,Specialty coffee,"San Francisco, CA",sightglass-coffee-store.myshopify.com in page source; cdn.shopify.com assets; /products.json returns 57 products,Gorgias chat widget script (config.gorgias.chat) + Postscript SMS SDK (sdk.postscript.io) + Klaviyo onsite script,Producer-named single origins and gift sets generate taste-profile and gifting questions.,Saw the Mexico Silvia Herrera Gesha Natural and the Women of Coffee: Colombia lot in the current lineup.,https://sightglasscoffee.com/; https://sightglasscoffee.com/products.json; https://sightglasscoffee.com/policies/contact-information (2026-10-10)
Partners Coffee,https://partnerscoffee.com,Specialty coffee,"Brooklyn, NY",partnerscoffee-dev.myshopify.com in page source; cdn.shopify.com assets; /products.json returns 77 products,Gorgias chat widget script (config.gorgias.chat) + Attentive tag (attn.tv dtag.js) + Klaviyo onsite script,52 coffees plus 9 specialty instant SKUs means shoppers ask instant vs. whole bean and roast fit.,Fun to see Franken Coffee and Count Coffula specialty instants next to Kenya Rianjagi.,https://partnerscoffee.com/; https://partnerscoffee.com/products.json; https://partnerscoffee.com/policies/contact-information (2026-10-10)
Bird Rock Coffee Roasters,https://birdrockcoffee.com,Specialty coffee,"San Diego, CA",bird-rock-coffee.myshopify.com in page source; cdn.shopify.com assets; /products.json returns 82 products,Attentive tag (attn.tv) + Klaviyo onsite script,"22 single-origin and blend coffees (organic and non-organic, decaf SWP) drive roast and brew-method questions.",Saw the Typica Rum Barrel and Oromia Bishan next to the Spiced Pumpkin housemade syrup.,https://birdrockcoffee.com/; https://birdrockcoffee.com/products.json; https://birdrockcoffee.com/policies/privacy-policy (2026-10-10)
Ursa Major,https://ursamajorvt.com,Skincare,"Waterbury, VT",ursamajorvt.myshopify.com in page source; cdn.shopify.com assets; /products.json returns 68 products,Gorgias chat widget script (config.gorgias.chat) + Postscript SMS SDK (sdk.postscript.io) + Klaviyo onsite script,25 face SKUs and 19 bundles create routine and skin-type questions before purchase.,"Saw the Golden Hour Recovery Cream and Brighten Up Vitamin C Serum up front, plus the Bear Essentials Set.",https://ursamajorvt.com/; https://ursamajorvt.com/products.json; https://ursamajorvt.com/pages/contact-us (2026-10-10)
Leahlani Skincare,https://leahlani.com,Skincare,"Kauai, HI",skintique.myshopify.com in page source; cdn.shopify.com assets; /products.json returns 115 products,Gorgias chat widget script (config.gorgias.chat) + Klaviyo onsite script,"Botanical cleansing oils, masks and 16 sample SKUs signal shoppers who need guidance before committing to full sizes.",Saw the Mermaid Mask with Hawaiian spirulina and that everything is composed by hand in your Kauai studio.,https://leahlani.com/; https://leahlani.com/products.json; https://leahlani.com/pages/about-us (2026-10-10)
Furtuna Skin,https://furtunaskin.com,Skincare,"Los Gatos, CA",furtuna-skin.myshopify.com in page source; cdn.shopify.com assets; /products.json returns 124 products,Attentive tag (attn.tv) + Gorgias chat widget script (config.gorgias.chat) + Klaviyo onsite script,"Premium renewal creams, a Biphase Oil and a custom Mini Collezione discovery set mean shoppers want help choosing.",Saw the Mini Collezione Custom Discovery Set and the Biphase Moisturizing Oil with gua sha.,https://furtunaskin.com/; https://furtunaskin.com/products.json; https://furtunaskin.com/policies/terms-of-service (2026-10-10)
Golde,https://golde.co,Supplements (superfood lattes),"New York, NY",golde-turmeric.myshopify.com in page source; cdn.shopify.com assets; /products.json returns 15 products,Attentive tag (attn.tv) + Gorgias chat widget script (config.gorgias.chat) + Klaviyo onsite script,"Functional blends (turmeric, matcha, Shroom Shield, Collagen Boost) prompt ingredient, prep and stacking questions.",Saw the pre-order for Collagen Boost and the Superwhisk + Matcha kit.,https://golde.co/; https://golde.co/products.json; https://golde.co/policies/privacy-policy (2026-10-10)
Ora Organic,https://ora.organic,"Supplements (plant protein, creatine)","San Diego, CA",oraorganic.myshopify.com in page source; cdn.shopify.com assets; /products.json returns 41 products,Gorgias chat widget script (config.gorgias.chat) + Klaviyo onsite script,"Protocols and stacks (Body Recomp, Metabolic Reset) prompt 'which stack is right for me' questions.",Saw The Body Recomp Routine and the new Protein + Creatine on your homepage.,https://ora.organic/; https://ora.organic/products.json; https://ora.organic/policies/contact-information (2026-10-10)
Native Pet,https://nativepet.com,Pet supplements,"St. Louis, MO",the-native-pet.myshopify.com in page source; cdn.shopify.com assets; /products.json returns 44 products,Attentive tag (attn.tv dtag.js) + Klaviyo onsite script + Okendo reviews,"Condition-specific chews (allergy, joint, calm, hairball for cats) drive dosing and 'which one for my dog' questions (may be >$20M).","Noticed you've expanded into cats with Calm, Hairball and Immune for Cats.",https://nativepet.com/; https://nativepet.com/products.json; https://nativepet.com/policies/terms-of-service (2026-10-10)
Bocce's Bakery,https://bocces.com,Pet treats,"New York, NY",boccesbakery.myshopify.com in page source; cdn.shopify.com assets,Gorgias chat widget script (config.gorgias.chat) + Klaviyo onsite script,Limited-ingredient treats lead to allergy and ingredient questions from pet parents.,Saw the limited-ingredient lineup and the West Village bakery origin story.,https://bocces.com/; web search: Bocce's Bakery HQ (2026-10-10)
Fly By Jing,https://flybyjing.com,Specialty food (Sichuan pantry),"Los Angeles, CA",fly-by-jing.myshopify.com in page source; cdn.shopify.com assets; /products.json returns 32 products; 'Powered by Shopify' footer,Gorgias chat widget script (config.gorgias.chat) + Postscript SMS SDK (sdk.postscript.io) + Klaviyo onsite script + Okendo reviews,Heat levels (Mild/Xtra Spicy/Xtra Crunchy chili crisp) and gift sets produce spice-level and gifting questions (may be >$20M).,Saw the 12- and 24-Day 2026 Advent Calendars next to the Mild Crunchy Garlic Chili Crisp.,https://flybyjing.com/; https://flybyjing.com/products.json; https://flybyjing.com/pages/faq (2026-10-10)
Diaspora Co.,https://diasporaco.com,Specialty food (single-origin spices),"Oakland, CA",diaspora-co-spices.myshopify.com in page source; cdn.shopify.com assets; /products.json returns 127 products,Gorgias chat widget script (config.gorgias.chat) + Klaviyo onsite script,26 spice blends and 24 whole spices from named farms create usage and substitution questions.,Saw the 7gm Peni Miris Cinnamon and the Spiced Hot Cocoa Kit in this season's drop.,https://diasporaco.com/; https://diasporaco.com/products.json; web search: Diaspora Co. Oakland (2026-10-10)
Burlap & Barrel,https://burlapandbarrel.com,Specialty food (spices),"Queens, NY",burlap-barrel.myshopify.com in page source; cdn.shopify.com assets; /products.json returns 229 products,Gorgias chat widget script (config.gorgias.chat) + Klaviyo onsite script,"229 SKUs of single-origin spices, preserves and extracts mean lots of 'how do I use this' questions.",Saw Prasad's Curry Leaf and the Hatch Hot Honey Peanut Butter among your newest products.,https://burlapandbarrel.com/; https://burlapandbarrel.com/products.json; https://burlapandbarrel.com/pages/faq; https://burlapandbarrel.com/policies/privacy-policy (2026-10-10)
Sfoglini,https://sfoglini.com,Specialty food (organic pasta),"West Coxsackie, NY",sfoglini.myshopify.com in page source; cdn.shopify.com assets; /products.json returns 34 products,Attentive tag (attn.tv) + Klaviyo onsite script,"Shapes, bulk 10 lb cases and a pasta club membership prompt cooking, sauce-pairing and subscription questions.","Saw the Radiators bulk cases, Pasta Dust and the signed Sporkful cookbook set.",https://sfoglini.com/; https://sfoglini.com/products.json; https://sfoglini.com/pages/contact-us (2026-10-10)
Kosterina,https://kosterina.com,Specialty food (olive oil),"Manhasset, NY",kosterina-dev.myshopify.com in page source; cdn.shopify.com assets; /products.json returns 92 products,Postscript SMS SDK (sdk.postscript.io) + Klaviyo onsite script,"31 olive oils, 12 vinegars and an olive-oil skincare line mean pairing and health-benefit questions.",Noticed the Extra Virgin Olive Oil Shot 3-month plan and the Lemon Olive Oil Cake PROTEIN+ Bar.,https://kosterina.com/; https://kosterina.com/products.json; https://kosterina.com/policies/privacy-policy (2026-10-10)
Brightland,https://brightland.co,Specialty food (olive oil and vinegar),California (LA-based),brightland-ca.myshopify.com in page source; cdn.shopify.com assets; /products.json returns 44 products,Gorgias chat widget script (config.gorgias.chat) + Klaviyo onsite script,"Flavored oils, vinegars and many gift sets lead to pairing and gifting questions.",Saw the Ember Ancho Chili Vinegar and The Pizza Night Gift Set on your homepage.,https://brightland.co/; https://brightland.co/products.json (2026-10-10)
Ably Apparel,https://ablyapparel.com,Apparel (anti-stain basics),"Seattle, WA",ablyapparel.myshopify.com in page source; cdn.shopify.com assets; /products.json returns 250 products; 'Powered by Shopify',Attentive tag (attn.tv dtag.js) + Gorgias chat widget script (config.gorgias.chat) + Klaviyo onsite script,Hundreds of men's/women's styles with fit and anti-stain care questions before buying.,Saw the Polly anti-stain dropped-neckline tee and that everything ships from Seattle.,https://ablyapparel.com/; https://ablyapparel.com/products.json; https://ablyapparel.com/pages/faq (2026-10-10)
Wool&Prince,https://woolandprince.com,Apparel (merino basics),"Portland, OR",wptest.myshopify.com in page source; cdn.shopify.com assets; /products.json returns 158 products,Gorgias chat widget script (config.gorgias.chat) + Klaviyo onsite script,"Merino tees, button-downs and boxers drive sizing, shrink and care questions.",Saw the Brushback Shacket and Signature Crew Neck Tee in the merino lineup.,https://woolandprince.com/; https://woolandprince.com/products.json; https://woolandprince.com/policies/privacy-policy (2026-10-10)
Mott & Bow,https://mottandbow.com,Apparel (denim and tees),"New York, NY",mottandbowstore-dev.myshopify.com in page source; cdn.shopify.com assets; /products.json returns 250 products,Attentive tag (attn.tv dtag.js) + Postscript SMS SDK (sdk.postscript.io) + Klaviyo onsite script,50 women's jean and 29 men's jean SKUs means constant fit/size questions.,Saw the Classic Crew Driggs and Luxe Stretch Tee multipacks headlining the shop.,https://mottandbow.com/; https://mottandbow.com/products.json; https://mottandbow.com/pages/about-us; https://mottandbow.com/policies/terms-of-service (2026-10-10)
Hedley & Bennett,https://hedleyandbennett.com,"Home goods (aprons, kitchen)","Los Angeles, CA",hedleyandbennett.myshopify.com in page source; cdn.shopify.com assets,Gorgias chat widget script (config.gorgias.chat) + Okendo reviews,"Apron styles, sizes and custom/licensed collabs generate fit and personalization questions.",Saw the Los Angeles Dodgers MLB Essential Apron and the Broccolini Pinafore Apron.,https://hedleyandbennett.com/ (2026-10-10)
Misen,https://misen.com,"Home goods (cookware, tableware)","Brooklyn, NY",misenco.myshopify.com in page source; cdn.shopify.com assets; /products.json returns 250 products,Attentive tag (attn.tv) + Gorgias chat widget script (config.gorgias.chat) + Klaviyo onsite script,"Carbon Nonstick pans, woks and big dinnerware/flatware sets drive care, induction and set-sizing questions (may be >$20M).",Saw the new 12-inch Carbon Nonstick Wok and the 72-piece dinnerware + flatware set.,https://misen.com/; https://misen.com/products.json; https://misen.com/policies/privacy-policy (2026-10-10)
Kammok,https://kammok.com,"Outdoor gear (hammocks, camp furniture)","Austin, TX",kammok.myshopify.com in page source; cdn.shopify.com assets; /products.json returns 91 products,Attentive tag (attn.tv dtag.js) + Gorgias chat widget script (config.gorgias.chat) + Klaviyo onsite script,"Hammocks, stands, suspension and replacement parts cause compatibility questions.",Saw the Swiftlet Everything Bundle and that you sell individual Crosswing bolts.,https://kammok.com/; https://kammok.com/products.json; https://kammok.com/pages/about (2026-10-10)
Hyperlite Mountain Gear,https://hyperlitemountaingear.com,"Outdoor gear (ultralight packs, shelters)","Biddeford, ME",hyperlite.myshopify.com in page source; cdn.shopify.com assets; /products.json returns 119 products,Gorgias chat widget script (config.gorgias.chat) + Klaviyo onsite script + Okendo reviews,"22 packs and 18 shelters at premium prices drive capacity, fit and trip-matching questions.",Saw the new 20-Degree Mummy Bag and Unbound next to the Pemi 15.,https://hyperlitemountaingear.com/; https://hyperlitemountaingear.com/products.json; https://hyperlitemountaingear.com/pages/our-story; https://hyperlitemountaingear.com/policies/shipping-policy (2026-10-10)
Nocs Provisions,https://nocsprovisions.com,"Outdoor gear (binoculars, optics)","Olympic Valley, CA",nocs-provisions.myshopify.com in page source; cdn.shopify.com assets; /products.json returns 40 products,Gorgias chat widget script (config.gorgias.chat) + Klaviyo onsite script,Binoculars in multiple magnifications plus phone adapters and straps mean lots of 'which pair for birding/hiking' questions.,Saw the Field Issue 8x32 and Pro Issue 8x42 binoculars plus the Photo Rig smartphone adapter.,https://nocsprovisions.com/; https://nocsprovisions.com/products.json; https://nocsprovisions.com/policies/contact-information (2026-10-10)
Zpacks,https://zpacks.com,"Outdoor gear (ultralight tents, quilts)","West Melbourne, FL",zpacks.myshopify.com in page source; cdn.shopify.com assets; /products.json returns 250 products,Attentive tag (attn.tv dtag.js) + Klaviyo onsite script,"Tents, quilts and sleeping bags in many sizes/temps drive sizing and rating questions.",Saw the Bargain Duplex and Pivot Trio tents plus overstock quilts listed.,https://zpacks.com/; https://zpacks.com/products.json; https://zpacks.com/policies/contact-information (2026-10-10)
Outdoor Vitals,https://outdoorvitals.com,Outdoor gear (backpacking),"Cedar City, UT",outdoorvitals.myshopify.com in page source; cdn.shopify.com assets; /products.json returns 224 products,Gorgias chat widget script (config.gorgias.chat) + Klaviyo onsite script,"224 SKUs incl. a used-gear program prompt condition, sizing and warmth questions.",Saw the Resolve Down Anorak and your used-gear listings like the StormLoft TopQuilt.,https://outdoorvitals.com/; https://outdoorvitals.com/products.json; https://outdoorvitals.com/pages/contact (2026-10-10)
